Rank,Name,Store ID,Total Visits,lat,lng,State,Address
1,HomeGoods,415,403453,33.42006286,-86.68573381,AL,"5215 US-280, Birmingham, AL, United States"
2,HomeGoods,231,396697,33.39283881,-86.8078986,AL,"1660 Montgomery Hwy, Hoover, AL, United States"
3,HomeGoods,1034,393842,33.18501388,-87.52761229,AL,"2600 McFarland Blvd E, Tuscaloosa, AL, United States"
4,HomeGoods,853,368202,31.22710584,-85.43081099,AL,"3080 Ross Clark Circle, Dothan, AL, United States"
5,HomeGoods,688,319823,30.65240475,-88.11551895,AL,"1310 Tingle Circle East, Suite F, Mobile, AL, United States"
6,HomeGoods,761,266300,33.61003818,-86.62374802,AL,"5479 Patrick Way, Birmingham, AL, United States"
7,HomeGoods,568,200023,34.74181903,-86.66475598,AL,"5850 University Drive NW, Suite A, Huntsville, AL, United States"
1,HomeGoods,185.0,569734,26.36580292,-80.17252744,FL,"8140 Glades Rd, Boca Raton, FL, United States"
2,HomeGoods,655.0,522058,28.23777963,-80.72697222,FL,"2314 Remi Dr, Melbourne, FL, United States"
3,HomeGoods,363.0,489856,27.79487277,-82.72993464,FL,"2490 66th St N, Saint Petersburg, FL, United States"
4,HomeGoods,136.0,485955,26.19937225,-81.80254251,FL,"Belair Lane, Naples, Florida, United States"
5,HomeGoods,322.0,477152,28.01412693,-82.73205985,FL,"2567 Countryside Blvd Ste 4, Clearwater, FL, United States"
6,HomeGoods,189.0,463562,30.19231757,-81.54927783,FL,"9041 Southside Blvd Ste 140, Jacksonville, FL, United States"
7,HomeGoods,171.0,461838,29.14093156,-82.1923159,FL,"4414 Sw College Rd, Ocala, FL, United States"
8,HomeGoods,367.0,455531,26.43845946,-80.0875143,FL,"1350 Linton Blvd, Delray Beach, FL, United States"
9,HomeGoods,194.0,453034,26.00951958,-80.29762476,FL,"11251 Pines Blvd, Pembroke Pines, FL, United States"
10,HomeGoods,429.0,445372,26.61141935,-81.93928049,FL,"2301 Del Prado Blvd S, Cape Coral, FL, United States"
11,HomeGoods,65.0,436436,30.18752975,-85.66929318,FL,"State Avenue, Lynn Haven, Florida, United States"
12,HomeGoods,674.0,432976,27.39095759,-82.45131561,FL,"I 75, Florida, United States"
13,HomeGoods,428.0,428685,26.27045514,-80.2048016,FL,"3320 NW 62 Ave, Margate, FL, United States"
14,HomeGoods,421.0,413292,27.92150533,-82.31622451,FL,"1945 W Lumsden Rd, Brandon, FL, United States"
15,HomeGoods,129.0,412995,27.17784963,-80.23397274,FL,"2339 SE Federal Hwy, Stuart, FL, United States"
16,HomeGoods,394.0,396596,28.12517003,-82.50067145,FL,"17641 N Dale Mabry Hwy, Lutz, FL, United States"
17,HomeGoods,319.0,395674,26.81035612,-80.10442322,FL,"4405 Northlake Blvd, Palm Beach Gardens, FL, United States"
18,HomeGoods,860.0,393463,28.19575308,-82.39523618,FL,"25557 Sierra Center Blvd, Lutz, FL, United States"
19,HomeGoods,1056.0,374706,27.97878626,-81.96002689,FL,"4747 South Florida Avenue, Lakeland, FL, United States"
20,HomeGoods,1003.0,349056,28.64519247,-81.26554995,FL,"1425 Tuskawilla Road, Winter Springs, FL, United States"
21,HomeGoods,358.0,348545,26.1436978,-80.31846758,FL,"12670 W Sunrise Blvd, Sunrise, FL, United States"
22,HomeGoods,687.0,343936,25.98144866,-80.35700351,FL,"Miramar Parkway, Florida, United States"
23,HomeGoods,820.0,342255,27.00886746,-82.13459966,FL,"Tamiami Trail, Murdock, Florida, United States"
24,HomeGoods,202.0,339994,26.04303387,-80.159139,FL,"Oakwood Boulevard, Florida, United States"
25,HomeGoods,174.0,339711,26.54326572,-81.87256439,FL,"Lakes Avenue, Florida, United States"
26,HomeGoods,,339550,26.72503533,-80.09046643,FL,"1875 Palm Beach Lakes Boulevard, West Palm Beach, FL, United States"
27,HomeGoods,475.0,338604,30.26986432,-81.39007952,FL,"2150 3rd St S, Jacksonville Beach, FL, United States"
28,HomeGoods,556.0,335144,30.51274856,-84.24940791,FL,"1400 Village Square Blvd, Tallahassee, FL, United States"
29,HomeGoods,1032.0,329864,28.22413088,-81.64240978,FL,"1191 Posner Blvd, Davenport, FL, United States"
30,HomeGoods,594.0,324403,26.48350393,-81.78857966,FL,"Fort Myers, FL, United States"
31,HomeGoods,388.0,318395,28.66604187,-81.42310081,FL,"965 W State Rd 436, Altamonte Springs, FL, United States"
32,HomeGoods,750.0,315668,27.84483595,-82.79276146,FL,"7937  113TH ST N, Seminole, FL, United States"
33,HomeGoods,190.0,315346,27.2974095,-82.49483224,FL,"3748B Bee Ridge Rd, Sarasota, FL, United States"
34,HomeGoods,1067.0,312041,28.53574365,-82.50738891,FL,"13199 Cortez Boulevard, Brooksville, FL, United States"
35,HomeGoods,608.0,308755,30.38946502,-86.43853555,FL,"Kelly Plantation Drive, Florida, United States"
36,HomeGoods,504.0,301033,25.80854892,-80.19409305,FL,"3401-118 N Miami Ave, Miami, FL, United States"
37,HomeGoods,685.0,287583,27.31814121,-80.38932411,FL,"Northwest Sun Terrace Circle, Port St. Lucie, Florida, United States"
38,HomeGoods,1024.0,283091,28.20429473,-82.66904311,FL,"FL 54, Trinity, Florida, United States"
39,HomeGoods,1030.0,277716,27.84340964,-82.64425415,FL,"7711 Dr. MLK Jr. Street North, St. Petersburg, FL, United States"
40,HomeGoods,828.0,257867,28.03892629,-80.6652918,FL,"Norfolk Drive, Florida, United States"
41,HomeGoods,781.0,255909,30.3181815,-81.49375477,FL,"11824 Atlantic Blvd Ste 300, Jacksonville, FL, United States"
42,HomeGoods,737.0,249352,30.19935294,-81.82823341,FL,"9625 Crosshill Blvd, Jacksonville, FL, United States"
43,HomeGoods,720.0,242747,28.46543125,-81.30425886,FL,"6719 Eagle Watch Drive Lee Vista Promemade, Orlando, FL, United States"
44,HomeGoods,824.0,240966,30.62694002,-81.54215145,FL,"463919 State Rd 200, Yulee, FL, United States"
45,HomeGoods,379.0,225273,28.45118691,-81.49093846,FL,"7600 Dr Phillips Blvd Ste 164, Orlando, FL, United States"
46,HomeGoods,779.0,224992,28.54890771,-81.72528837,FL,"Hunt Trace Boulevard, Florida, United States"
47,HomeGoods,664.0,216774,28.49443206,-81.43089219,FL,"4664  Millenia Plaza Way, Orlando, FL, United States"
48,HomeGoods,833.0,207024,27.46369814,-82.63350917,FL,"4294 71st Street West, Bradenton, Florida, United States"
49,HomeGoods,576.0,205392,28.13186982,-82.36669457,FL,"18061 Highwoods Preserve Pkwy, Tampa, FL, United States"
50,HomeGoods,743.0,202822,26.34287079,-81.80516736,FL,"27251 Bay Landing Drive, Florida, United States"
51,HomeGoods,249.0,164402,26.26183053,-80.10120799,FL,"2421 N Federal Hwy, Pompano Beach, FL, United States"
52,HomeGoods,482.0,111883,25.64231842,-80.33253931,FL,"13619 South Dixie Highway, Miami, FL, United States"
1,HomeGoods,1091,544090,36.33870566,-82.37720278,TN,"2011 N Roan St, Johnson City, TN, United States"
2,HomeGoods,359,501003,35.92631903,-84.04940438,TN,"8079 Kingston Pike, Knoxville, TN, United States"
3,HomeGoods,1007,357527,35.85473329,-86.42753616,TN,"484 N Thompson Lane, Murfreesboro, TN, United States"
4,HomeGoods,361,344169,36.33443225,-86.62290839,TN,"1026 Glenbrook Way, Hendersonville, TN, United States"
5,HomeGoods,1029,340950,36.15757025,-85.51927464,TN,"377 W Jackson St, Cookeville, TN, United States"
6,HomeGoods,1078,321679,35.88302644,-83.57591044,TN,"750 Winfield Dunn Pkwy, Sevierville, TN, United States"
7,HomeGoods,1064,320892,35.73977486,-86.9396596,TN,"1030 Crossings Boulevard, Spring Hill, TN, United States"
8,HomeGoods,195,315205,35.03565483,-85.15422286,TN,"2200 Hamilton Place Blvd, Chattanooga, TN, United States"
9,HomeGoods,554,310435,35.16931871,-89.7949902,TN,"1602 Chickering Lane, Memphis, Tennessee, United States"
10,HomeGoods,408,266647,36.08116861,-86.94533,TN,"8145 Sawyer Brown Rd, Nashville, TN, United States"
11,HomeGoods,839,256948,35.7510673,-83.99065566,TN,"730 Watkins Rd, Maryville, TN, United States"
12,HomeGoods,1093,248757,36.01126971,-84.25341437,TN,"161 E Main St, Oak Ridge, TN, United States"
13,HomeGoods,580,240601,35.04903869,-89.73581482,TN,"3635 S Houston Levee Rd, Collierville, TN, United States"
14,HomeGoods,1074,226016,35.20786186,-84.84919388,TN,"300 Paul Huff Parkway, Cleveland, TN, United States"
1,T.J. Maxx,73,757204,34.82570805,-87.62562727,AL,"187 Cox Creek Pkwy, Florence, AL, United States"
2,T.J. Maxx,27,710596,31.2460136,-85.424775,AL,"3500 Ross Clark Cir, Dothan, AL, United States"
3,T.J. Maxx,242,676723,33.39335053,-86.80787109,AL,"1646 Montgomery Hwy, Hoover, AL, United States"
4,T.J. Maxx,662,672003,32.61772288,-85.40596121,AL,"2185 Tigertown Parkway, Opelika, AL, United States"
5,T.J. Maxx,465,595703,34.01266801,-85.98970988,AL,"316 E Meighan Blvd, Gadsden, AL, United States"
6,T.J. Maxx,649,585935,33.18497378,-87.52800996,AL,"McFarland Boulevard East, Tuscaloosa, Alabama, United States"
7,T.J. Maxx,1446,550241,34.27934442,-86.20673902,AL,"832 Christopher Circle, Albertville, Alabama, United States"
8,T.J. Maxx,1079,548695,32.45711144,-86.3968484,AL,"2748 Legends Pkwy, Prattville, AL, United States"
9,T.J. Maxx,45,531727,33.60483555,-86.63828671,AL,"1648 Gadsden Hwy, Birmingham, AL, United States"
10,T.J. Maxx,1045,531480,33.60837815,-85.78320548,AL,"300 Oxford Exchange Blvd, Oxford, AL, United States"
11,T.J. Maxx,1074,524758,33.22367944,-86.80391794,AL,"320 S Colonial Dr, Alabaster, AL, United States"
12,T.J. Maxx,1149,522109,34.15084311,-86.83897821,AL,"1908 Marktplatz Center, SW, Cullman, AL, United States"
13,T.J. Maxx,705,520098,34.68981044,-86.57808509,AL,"975 Airport Rd SW Ste 22A, Huntsville, AL, United States"
14,T.J. Maxx,243,510554,32.34508806,-86.22138895,AL,"2751 Eastern Blvd, Montgomery, AL, United States"
15,T.J. Maxx,209,489876,33.64939863,-86.823636,AL,"655 Fieldstown Rd S150, Gardendale, AL, United States"
16,T.J. Maxx,279,485713,34.75703117,-86.73690152,AL,"7696 Hwy 72 W NW, Madison, AL, United States"
17,T.J. Maxx,817,471157,30.65283447,-87.90662753,AL,"6850 US Highway 90, Daphne, AL, United States"
18,T.J. Maxx,1396,469954,31.3179396,-85.82869189,AL,"616 Boll Weevil Circle, Enterprise, AL, United States"
19,T.J. Maxx,1166,458653,30.37584144,-87.67847689,AL,"2601 South McKenzie St., Foley, AL, United States"
20,T.J. Maxx,1366,456588,33.84977072,-87.26907566,AL,"606 Highway 78 E, Jasper, AL, United States"
21,T.J. Maxx,466,422139,33.4218513,-86.69223753,AL,"Cahaba Beach Road, Hoover, Alabama, United States"
22,T.J. Maxx,267,365909,30.67742241,-88.14683993,AL,"3940 Airport Blvd, Mobile, AL, United States"
23,T.J. Maxx,1595,347167,31.77784479,-85.9452729,AL,"1307 US Hwy 231, Troy, AL, United States"
24,T.J. Maxx,1471,314216,33.33548414,-86.99132475,AL,"4917 Promenade Pkwy, Bessemer, AL, United States"
25,T.J. Maxx,1524,296829,33.17396136,-86.28282353,AL,"145 Mcs Blvd, Sylacauga, AL, United States"
1,T.J. Maxx,1101,1134979,25.65297847,-80.41389258,FL,"13580 SW 120th St, Miami, FL, United States"
2,T.J. Maxx,603,827305,29.6620785,-82.42281801,FL,"1009 NW 76th Blvd, Gainesville, FL, United States"
3,T.J. Maxx,330,817421,30.49295275,-87.22688285,FL,"6625 North Davis Highway, Florida, United States"
4,T.J. Maxx,1103,802937,26.58756608,-80.14509673,FL,"6330 Lantana Rd, Lake Worth, FL, United States"
5,T.J. Maxx,20,768982,28.55369117,-81.19964538,FL,"391 N Alafaya Trl, Orlando, FL, United States"
6,T.J. Maxx,98,697556,26.15151895,-80.32182243,FL,"12801 W Sunrise Blvd, Sunrise, FL, United States"
7,T.J. Maxx,1100,673708,28.75430353,-81.34597083,FL,"3899 W Lake Mary Blvd, Lake Mary, FL, United States"
8,T.J. Maxx,746,659108,27.107679,-82.43585655,FL,"450 Venice Byp N, Venice, FL, United States"
9,T.J. Maxx,711,629904,30.50322099,-84.24983703,FL,"3425 Thomasville Rd Unit 18, Tallahassee, FL, United States"
10,T.J. Maxx,235,625093,28.01355971,-82.73333397,FL,"2541 Countryside Blvd Ste 2, Clearwater, FL, United States"
11,T.J. Maxx,424,596128,25.74593131,-80.33410972,FL,"8546 SW 24th St, Miami, FL, United States"
12,T.J. Maxx,710,592478,26.31583737,-80.15573678,FL,"3812 W Hillsboro Blvd, Deerfield Beach, FL, United States"
13,T.J. Maxx,593,584261,25.86853738,-80.29271011,FL,"499 W 49th St, Hialeah, FL, United States"
14,T.J. Maxx,582,528605,27.84696052,-82.64561699,FL,"7701 I Dr ML King St N, Saint Petersburg, FL, United States"
15,T.J. Maxx,1129,505569,30.60089884,-87.12569893,FL,"4731 Highway 90, Pace, FL, United States"
16,T.J. Maxx,47,502766,30.42708329,-86.64275731,FL,"417B Mary Esther Blvd, Fort Walton Beach, FL, United States"
17,T.J. Maxx,1305,501134,28.09361164,-81.97052271,FL,"4023 US Highway 98 N, Lakeland, FL, United States"
18,T.J. Maxx,564,488801,30.18750453,-85.66889004,FL,"523 West 23rd Street, Panama City, FL, United States"
19,T.J. Maxx,1531,487096,25.48055461,-80.44006876,FL,"2605 NE 10 Court, Homestead, FL, United States"
20,T.J. Maxx,645,486906,29.1655025,-82.17087219,FL,"2701 SW College Rd, Ste 800, Ocala, FL, United States"
21,T.J. Maxx,641,483380,27.94218865,-82.32392391,FL,"2520 W Brandon Blvd, Brandon, FL, United States"
22,T.J. Maxx,84,474058,26.20787927,-81.76659535,FL,"5018 Airport Pulling Rd N, Naples, FL, United States"
23,T.J. Maxx,1387,471527,26.72314373,-80.09031477,FL,"I 95, West Palm Beach, Florida, United States"
24,T.J. Maxx,272,468333,30.31812252,-81.49467181,FL,"11824 Atlantic Blvd Ste 100, Jacksonville, FL, United States"
25,T.J. Maxx,33,462091,26.54322828,-81.87297893,FL,"7191 Cypress Lake Dr, Fort Myers, FL, United States"
26,T.J. Maxx,1410,452901,28.00274354,-81.71699889,FL,"800 Cypress Gardens Blvd, Winter Haven, FL, United States"
27,T.J. Maxx,259,447977,27.83769786,-82.78558611,FL,"7191 Seminole Blvd, Seminole, FL, United States"
28,T.J. Maxx,1167,440521,28.34259836,-81.43024952,FL,"2551 W Osceola Pkwy, Kissimmee, FL, United States"
29,T.J. Maxx,1037,437395,25.94449895,-80.16804489,FL,"1650 NE Miami Gardens Dr, North Miami Beach, FL, United States"
30,T.J. Maxx,199,436561,28.35488355,-80.69962881,FL,"120 S Courtenay Pkwy, Merritt Island, FL, United States"
31,T.J. Maxx,1066,436022,28.85592895,-82.38808677,FL,"2675 E Gulf To Lake Hwy, Inverness, FL, United States"
32,T.J. Maxx,1445,433619,27.9343907,-82.5041293,FL,"3718 Henderson Blvd, Tampa, FL, United States"
33,T.J. Maxx,755,433588,28.98319412,-81.2970863,FL,"2615 S Woodland Blvd, DeLand, FL, United States"
34,T.J. Maxx,1547,432420,26.05054556,-80.1584286,FL,"1730 S Bearing St., Dania Beach, FL, United States"
35,T.J. Maxx,290,426394,28.09657182,-82.50415771,FL,"15740 N Dale Mabry Hwy, Tampa, FL, United States"
36,T.J. Maxx,1522,425778,27.3912488,-82.45129698,FL,"8219 Cooper Creek Blvd, University Park, FL, United States"
37,T.J. Maxx,1039,424396,26.4087816,-81.80781382,FL,"8014 Mediterranean Dr, Estero, FL, United States"
38,T.J. Maxx,1102,422295,28.24525552,-82.3519224,FL,"6035 Wesley Grove Blvd, Wesley Chapel, FL, United States"
39,T.J. Maxx,719,420282,27.17634489,-80.23343587,FL,"2377 SE Federal Hwy, Stuart, FL, United States"
40,T.J. Maxx,829,420064,26.67048683,-80.20063747,FL,"320 S State Rd 7, West Palm Beach, FL, United States"
41,T.J. Maxx,37,417530,26.00591221,-80.29370672,FL,"11030 Pines Blvd, Pembroke Pines, FL, United States"
42,T.J. Maxx,647,414246,30.17392564,-81.62531711,FL,"11111-16 San Jose Blvd, Jacksonville, FL, United States"
43,T.J. Maxx,1087,412044,27.26705026,-80.42612145,FL,"10864 SW Village Pkwy, Port Saint Lucie, FL, United States"
44,T.J. Maxx,714,407702,27.30044557,-82.51561173,FL,"3700 S Tuttle Ave, Sarasota, FL, United States"
45,T.J. Maxx,802,407213,28.65402248,-81.23824259,FL,"1115 Vidina Pl S-185, Oviedo, FL, United States"
46,T.J. Maxx,269,404350,26.09446672,-80.24687382,FL,"2040 S University Dr, Davie, FL, United States"
47,T.J. Maxx,1331,403661,28.3437306,-81.61100861,FL,"3219 Rolling Oaks Blvd, Kissimmee, FL, United States"
48,T.J. Maxx,1415,398704,24.56895824,-81.76467933,FL,"3240 N Roosevelt Blvd, Key West, FL, United States"
49,T.J. Maxx,26,394250,29.21491333,-81.09462894,FL,"1115 Cornerstone Blvd S, Daytona Beach, FL, United States"
50,T.J. Maxx,1029,393258,28.14520774,-82.74282158,FL,"40968 US 19 North, Tarpon Springs, FL, United States"
51,T.J. Maxx,391,388285,26.36939616,-80.18476253,FL,"8903 Glades Rd, Boca Raton, FL, United States"
52,T.J. Maxx,1270,384661,30.62725796,-81.54318296,FL,"463899 State Road 200, Yulee, FL, United States"
53,T.J. Maxx,1313,372532,27.03686694,-82.21180891,FL,"18059 Tamiami Trl, North Port, FL, United States"
54,T.J. Maxx,1297,361127,27.53392359,-82.5001003,FL,"US-301, Ellenton, FL, United States"
55,T.J. Maxx,377,358812,25.93157044,-80.13307806,FL,"3809 NE 163rd St, North Miami Beach, FL, United States"
56,T.J. Maxx,1443,358548,25.84220634,-80.36722567,FL,"7250 NW 104th Ave, Miami, FL, United States"
57,T.J. Maxx,1380,357749,25.77152352,-80.3586794,FL,"10001 W Flagler St, Miami, FL, United States"
58,T.J. Maxx,417,350150,28.23810502,-80.72728213,FL,"2314 Remi Dr, Melbourne, FL, United States"
59,T.J. Maxx,155,345585,28.46601142,-81.45315319,FL,"5295 International Dr, Ste 500, Orlando, FL, United States"
60,T.J. Maxx,322,344990,26.24607539,-80.25473906,FL,"1200 N University Dr, Coral Springs, FL, United States"
61,T.J. Maxx,197,342542,26.62472624,-81.94223871,FL,"1502 Del Prado Blvd S, Cape Coral, FL, United States"
62,T.J. Maxx,745,339013,27.78777098,-82.72691369,FL,"2105 66th St N, St. Petersburg, FL, United States"
63,T.J. Maxx,291,337427,25.64533932,-80.33584156,FL,"8765 SW 136th St, Miami, FL, United States"
64,T.J. Maxx,598,335570,30.19218922,-81.74298135,FL,"6001 Argyle Forest Blvd, Jacksonville, FL, United States"
65,T.J. Maxx,289,335513,27.99824863,-82.56452435,FL,"7555 Hillsborough Ave, Tampa, FL, United States"
66,T.J. Maxx,1132,335203,28.53867377,-81.73534444,FL,"Steve's Road, Florida, United States"
67,T.J. Maxx,841,333353,26.93601626,-80.09159423,FL,"75 E Indiantown Rd, Jupiter, FL, United States"
68,T.J. Maxx,1332,333314,27.93010714,-82.7891115,FL,"1301 Missouri Ave N, Largo, FL, United States"
69,T.J. Maxx,392,330921,26.53119923,-80.08904205,FL,"388 N Congress Ave, Boynton Beach, FL, United States"
70,T.J. Maxx,1105,330474,29.47775566,-81.2153126,FL,"5260 E Highway 100, Palm Coast, FL, United States"
71,T.J. Maxx,1438,320118,26.00974618,-80.35720031,FL,"NW 3rd Street, Florida, United States"
72,T.J. Maxx,138,318362,27.6385425,-80.38230785,FL,"405 21st St, Vero Beach, FL, United States"
73,T.J. Maxx,1408,317349,28.81919966,-81.67658074,FL,"16920 US Highway 441, Mount Dora, FL, United States"
74,T.J. Maxx,70,309767,26.8431894,-80.07067753,FL,"2430 Pga Blvd, Palm Beach Gardens, FL, United States"
75,T.J. Maxx,1025,308812,28.93295269,-81.93829386,FL,"620 US-441, The Villages, FL, United States"
76,T.J. Maxx,1364,302075,26.44302204,-80.07223489,FL,"1626 S Federal Hwy, Delray Beach, FL, United States"
77,T.J. Maxx,283,299426,28.6278281,-81.31945704,FL,"1455 Semoran Blvd, Casselberry, FL, United States"
78,T.J. Maxx,1486,296551,28.23348648,-82.73085927,FL,"5107 US Highway 19, New Port Richey, FL, United States"
79,T.J. Maxx,1123,280372,28.51589552,-81.37907899,FL,"80 W Grant St, Orlando, FL, United States"
80,T.J. Maxx,1506,276207,28.34613124,-81.482625,FL,"3215  Vineland Rd, Kissimmee, FL, United States"
81,T.J. Maxx,1194,271995,28.26414526,-82.18649301,FL,"7326 Gall Blvd, Zephyrhills, FL, United States"
82,T.J. Maxx,1530,264589,28.65683065,-81.42086953,FL,"380 N State Road 434, Altamonte Springs, FL, United States"
83,T.J. Maxx,1499,264054,28.39139541,-81.24781724,FL,"11926 Narcoossee Rd, Orlando, FL, United States"
84,T.J. Maxx,1535,239397,26.60843087,-81.81345361,FL,"9370 Ben C Pratt, Fort Myers, FL, United States"
85,T.J. Maxx,1373,182806,30.26072448,-81.6244509,FL,"3550 University Blvd W, Jacksonville, FL, United States"
86,T.J. Maxx,1340,179403,26.09717542,-80.12949882,FL,"1920  Cordova Rd, Fort Lauderdale, FL, United States"
87,T.J. Maxx,791,134530,27.43332377,-82.57887006,FL,"6100 14th St W, Bradenton, FL, United States"
88,T.J. Maxx,1377,112783,25.88796775,-80.16249003,FL,"North Miami, FL, United States"
1,T.J. Maxx,73,757204,34.82570805,-87.62562727,AL,"187 Cox Creek Pkwy, Florence, AL, United States"
2,T.J. Maxx,27,710596,31.2460136,-85.424775,AL,"3500 Ross Clark Cir, Dothan, AL, United States"
3,T.J. Maxx,242,676723,33.39335053,-86.80787109,AL,"1646 Montgomery Hwy, Hoover, AL, United States"
4,T.J. Maxx,662,672003,32.61772288,-85.40596121,AL,"2185 Tigertown Parkway, Opelika, AL, United States"
5,T.J. Maxx,465,595703,34.01266801,-85.98970988,AL,"316 E Meighan Blvd, Gadsden, AL, United States"
6,T.J. Maxx,649,585935,33.18497378,-87.52800996,AL,"McFarland Boulevard East, Tuscaloosa, Alabama, United States"
7,T.J. Maxx,1446,550241,34.27934442,-86.20673902,AL,"832 Christopher Circle, Albertville, Alabama, United States"
8,T.J. Maxx,1079,548695,32.45711144,-86.3968484,AL,"2748 Legends Pkwy, Prattville, AL, United States"
9,T.J. Maxx,45,531727,33.60483555,-86.63828671,AL,"1648 Gadsden Hwy, Birmingham, AL, United States"
10,T.J. Maxx,1045,531480,33.60837815,-85.78320548,AL,"300 Oxford Exchange Blvd, Oxford, AL, United States"
11,T.J. Maxx,1074,524758,33.22367944,-86.80391794,AL,"320 S Colonial Dr, Alabaster, AL, United States"
12,T.J. Maxx,1149,522109,34.15084311,-86.83897821,AL,"1908 Marktplatz Center, SW, Cullman, AL, United States"
13,T.J. Maxx,705,520098,34.68981044,-86.57808509,AL,"975 Airport Rd SW Ste 22A, Huntsville, AL, United States"
14,T.J. Maxx,243,510554,32.34508806,-86.22138895,AL,"2751 Eastern Blvd, Montgomery, AL, United States"
15,T.J. Maxx,209,489876,33.64939863,-86.823636,AL,"655 Fieldstown Rd S150, Gardendale, AL, United States"
16,T.J. Maxx,279,485713,34.75703117,-86.73690152,AL,"7696 Hwy 72 W NW, Madison, AL, United States"
17,T.J. Maxx,817,471157,30.65283447,-87.90662753,AL,"6850 US Highway 90, Daphne, AL, United States"
18,T.J. Maxx,1396,469954,31.3179396,-85.82869189,AL,"616 Boll Weevil Circle, Enterprise, AL, United States"
19,T.J. Maxx,1166,458653,30.37584144,-87.67847689,AL,"2601 South McKenzie St., Foley, AL, United States"
20,T.J. Maxx,1366,456588,33.84977072,-87.26907566,AL,"606 Highway 78 E, Jasper, AL, United States"
21,T.J. Maxx,466,422139,33.4218513,-86.69223753,AL,"Cahaba Beach Road, Hoover, Alabama, United States"
22,T.J. Maxx,267,365909,30.67742241,-88.14683993,AL,"3940 Airport Blvd, Mobile, AL, United States"
23,T.J. Maxx,1595,347167,31.77784479,-85.9452729,AL,"1307 US Hwy 231, Troy, AL, United States"
24,T.J. Maxx,1471,314216,33.33548414,-86.99132475,AL,"4917 Promenade Pkwy, Bessemer, AL, United States"
25,T.J. Maxx,1524,296829,33.17396136,-86.28282353,AL,"145 Mcs Blvd, Sylacauga, AL, United States"
1,Marshalls,422,579489,34.67480735,-86.5457253,AL,"2750 Carl T Jones Dr SE, Huntsville, AL, United States"
2,Marshalls,1446,560818,30.37788523,-87.68632428,AL,"South Pine Street, Foley, Alabama, United States"
3,Marshalls,1355,459410,32.3596849,-86.15858661,AL,"7680 Eastchase Pkwy, Montgomery, AL, United States"
4,Marshalls,316,418587,30.67761061,-88.12260762,AL,"3250 Airport Blvd., Mobile, AL, United States"
5,Marshalls,1227,395458,33.36105771,-86.85386633,AL,"Grove Boulevard, Hoover, Alabama, United States"
6,Marshalls,767,330430,33.63910488,-86.62771501,AL,"Trussville Crossings Pkwy, Trussville, Alabama, United States"
7,Marshalls,809,266024,34.75430438,-86.74775761,AL,"7950 Highway 72 W Ste 7, Madison, AL, United States"
1,Marshalls,425.0,819819,26.6834479,-80.22362638,FL,"11031 Southern Blvd, Royal Palm Beach, FL, United States"
2,Marshalls,1077.0,754601,29.11130473,-81.03616413,FL,"5505 S Williamson Blvd, Port Orange, FL, United States"
3,Marshalls,1062.0,702859,27.63733172,-80.44914495,FL,"5915 20th St, Vero Beach, FL, United States"
4,Marshalls,1018.0,650072,28.52103765,-81.58389624,FL,"3349 Daniels Rd, Winter Garden, FL, United States"
5,Marshalls,146.0,622791,25.86463408,-80.31606456,FL,"1700 W 49th St, Ste 3, Hialeah, FL, United States"
6,Marshalls,194.0,599968,29.86862798,-81.32534911,FL,"1795 US Highway 1 S, Saint Augustine, FL, United States"
7,Marshalls,320.0,562742,25.74786693,-80.38838071,FL,"11865 SW 26th St, Miami, FL, United States"
8,Marshalls,1278.0,559928,28.34226274,-81.41032988,FL,"731 Centerview Blvd, Kissimmee, FL, United States"
9,Marshalls,329.0,559641,27.99839165,-81.96058114,FL,"3615 S Florida Ave, Lakeland, FL, United States"
10,Marshalls,465.0,555623,28.20242974,-82.66406799,FL,"2948 Little Rd, Trinity, FL, United States"
11,Marshalls,285.0,552525,28.02853219,-82.50300763,FL,"3661 W Waters Ave, Tampa, FL, United States"
12,Marshalls,486.0,548214,26.14945018,-80.32563391,FL,"12801 W Sunrise Blvd, Sunrise, FL, United States"
13,Marshalls,408.0,541376,30.27075293,-81.39014639,FL,"1800 3Rd St S, Jacksonville Beach, FL, United States"
14,Marshalls,1328.0,527287,29.62730729,-82.38218874,FL,"3965 Plaza Blvd, Ste 40, Gainesville, FL, United States"
15,Marshalls,1010.0,502202,28.53635626,-82.50622751,FL,"7143 Coastal Blvd, Brooksville, FL, United States"
16,Marshalls,372.0,483807,25.6861927,-80.42254009,FL,"14093 SW 88 St., Miami, FL, United States"
17,Marshalls,284.0,482310,27.94261139,-82.32225189,FL,"2458 W Brandon Blvd, Brandon, FL, United States"
18,Marshalls,651.0,481957,25.93155015,-80.12302813,FL,"16800 Collins Ave, Sunny Isles Beach, FL, United States"
19,Marshalls,1332.0,473033,28.60393079,-81.36809838,FL,"501 N Orlando Ave, Winter Park, FL, United States"
20,Marshalls,1293.0,466065,28.93027812,-82.01828307,FL,"Woodbridge Drive, The Villages, Florida, United States"
21,Marshalls,1269.0,458671,26.96015233,-80.08295057,FL,"105 N US Highway 1, Tequesta, FL, United States"
22,Marshalls,1113.0,454293,30.22129622,-85.8701446,FL,"15611 Sea Turtle Dr, Panama City Beach, FL, United States"
23,Marshalls,1202.0,453903,27.79620131,-82.33245096,FL,"13120 US Highway 301 S, Ste 101, Riverview, FL, United States"
24,Marshalls,264.0,436709,27.39169372,-82.45327833,FL,"8467 Cooper Creek Blvd, University Park, FL, United States"
25,Marshalls,464.0,435297,28.17546464,-82.35555788,FL,"1321 Bruce B Downs Road, Wesley Chapel, FL, United States"
26,Marshalls,1019.0,429195,27.49891405,-81.485903,FL,"1724 US Highway 27 N, Sebring, FL, United States"
27,Marshalls,805.0,427271,30.44015803,-84.25826912,FL,"1564 Governor'S Square Blvd, Tallahassee, FL, United States"
28,Marshalls,392.0,424338,25.80987875,-80.19355365,FL,"3401 North Miami Avenue, Miami, Florida, United States"
29,Marshalls,1003.0,423864,26.48581527,-81.78940397,FL,"10017 Gulf Center Dr, Fort Myers, FL, United States"
30,Marshalls,1042.0,417388,28.05040396,-82.69797409,FL,"Tampa Road, Florida, United States"
31,Marshalls,167.0,415341,26.21278703,-80.10717035,FL,"1401 S Federal Highway, Pompano Beach, FL, United States"
32,Marshalls,816.0,414816,25.48042614,-80.46169303,FL,"1099 N Homestead Blvd, Homestead, FL, United States"
33,Marshalls,509.0,406771,30.38944671,-86.43912186,FL,"4477 Commons Dr W, Destin, FL, United States"
34,Marshalls,176.0,406080,26.17261584,-81.80103344,FL,"2115 Tamiami Trl N, Naples, FL, United States"
35,Marshalls,350.0,403317,27.23554687,-80.26661916,FL,"2475 NW Federal Highway, Jensen Beach, FL, United States"
36,Marshalls,325.0,396312,26.31571519,-80.15697515,FL,"3852 W Hillsboro Blvd, Deerfield Beach, FL, United States"
37,Marshalls,653.0,395690,26.84377179,-80.0737879,FL,"2550 PGA Blvd, Palm Beach Gardens, FL, United States"
38,Marshalls,1471.0,394080,29.13878799,-82.19278881,FL,"4414 SW College Rd S810, Ocala, FL, United States"
39,Marshalls,168.0,393505,26.58642025,-81.86958965,FL,"4995 S Cleveland Ave, Fort Myers, FL, United States"
40,Marshalls,511.0,392484,28.49535372,-81.43035435,FL,"4648 Millenia Plaza Way, Orlando, FL, United States"
41,Marshalls,745.0,376088,27.01499547,-82.14422047,FL,"18700 Veterans Blvd, Port Charlotte, FL, United States"
42,Marshalls,232.0,375449,28.03888338,-80.66485967,FL,"205 Palm Bay Rd NE, West Melbourne, FL, United States"
43,Marshalls,796.0,374136,26.27086874,-81.79847013,FL,"Immokalee Road, Vanderbilt Beach, Florida, United States"
44,Marshalls,473.0,367379,26.36594881,-80.1735641,FL,"8180 Glades Rd, Boca Raton, FL, United States"
45,Marshalls,541.0,363170,26.04343239,-80.15896058,FL,"3701 Oakwood Blvd, Hollywood, FL, United States"
46,Marshalls,340.0,360793,26.52946565,-80.09281893,FL,"363 N Congress Ave Bay 103, Boynton Beach, FL, United States"
47,Marshalls,1132.0,360382,30.48249025,-81.6407356,FL,"14964 Max Leggett Pkwy, Ste 200, Jacksonville, FL, United States"
48,Marshalls,1169.0,358726,26.28817959,-80.24929148,FL,"Wiles Road, Florida, United States"
49,Marshalls,1059.0,358512,28.67530247,-81.4710751,FL,"2175 E Semoran Blvd, Apopka, FL, United States"
50,Marshalls,1428.0,356655,28.39222915,-81.48445473,FL,"Lake Street, Florida, United States"
51,Marshalls,1463.0,356560,28.22398965,-81.64276718,FL,"357 Royals Way, Florida, United States"
52,Marshalls,108.0,350911,27.26052384,-82.51795607,FL,"6589 South Tamiami Trail, Sarasota, FL, United States"
53,Marshalls,813.0,341760,30.17570908,-81.62667292,FL,"10991-2 San Jose Ap, Jacksonville, Florida, United States"
54,Marshalls,1198.0,339297,28.47550606,-81.28715209,FL,"Market Place Drive, Orlando, Florida, United States"
55,Marshalls,145.0,335509,25.62066372,-80.34234868,FL,"16051 S Dixie Hwy, Ste B, Miami, FL, United States"
56,Marshalls,1020.0,335028,28.55145091,-80.84290999,FL,"Windover Trls, Titusville, Florida, United States"
57,Marshalls,196.0,332075,26.44065508,-80.07277198,FL,"1700 S Federal Hwy, Delray Beach, FL, United States"
58,Marshalls,388.0,331600,27.90785906,-82.50472481,FL,"3802B S Dale Mabry Hwy, Tampa, FL, United States"
59,Marshalls,1258.0,330807,27.98832505,-82.1249478,FL,"237 W Alexander St, Plant City, FL, United States"
60,Marshalls,207.0,323604,25.98142858,-80.35797757,FL,"3021 SW 160th Ave, Miramar, FL, United States"
61,Marshalls,153.0,320817,28.79847527,-81.3341345,FL,"1551 WP Ball Blvd, Sanford, FL, United States"
62,Marshalls,867.0,315075,27.96626249,-82.72824974,FL,"21323 US Highway 19 N, Clearwater, FL, United States"
63,Marshalls,399.0,309341,26.01274602,-80.25153526,FL,"500 N University Dr, Pembroke Pines, FL, United States"
64,Marshalls,1181.0,305582,27.46365197,-82.63403533,FL,"7224 Cortez Rd W, Bradenton, FL, United States"
65,Marshalls,398.0,302981,26.6160286,-80.14417633,FL,"6452 Lake Worth Rd, Greenacres, FL, United States"
66,Marshalls,67.0,287427,28.66364034,-81.38252103,FL,"293 E Altamonte Dr, Altamonte Springs, FL, United States"
67,Marshalls,1364.0,285714,28.26592456,-81.3308053,FL,"1456 Simmons Road, Florida, United States"
68,Marshalls,1197.0,283748,25.8314203,-80.25975734,FL,"901 E 10th Ave, Hialeah, FL, United States"
69,Marshalls,252.0,279016,27.83623061,-82.68780706,FL,"70th Avenue North, Florida, United States"
70,Marshalls,1192.0,277451,30.48203772,-87.20826445,FL,"1650 Airport Blvd, Pensacola, FL, United States"
71,Marshalls,1135.0,268583,30.31105405,-81.73429752,FL,"918 Garth Avenue, Jacksonville, Florida, United States"
72,Marshalls,1256.0,268041,28.19081911,-82.45722617,FL,"21705 Village Lks, Land O' Lakes, FL, United States"
73,Marshalls,866.0,266804,26.23680797,-80.20107708,FL,"5461 W Atlantic Blvd, Margate, FL, United States"
74,Marshalls,228.0,264460,29.26168687,-81.02659535,FL,"2461 N Atlantic Ave, Daytona Beach, FL, United States"
75,Marshalls,1315.0,242889,26.06015291,-81.69784683,FL,"13100 Tamiami Trl E, Naples, FL, United States"
76,Marshalls,124.0,242170,28.33256231,-81.47381297,FL,"4795 W Irlo Bronson Memorial Hwy, Kissimmee, FL, United States"
77,Marshalls,678.0,236513,28.54893327,-81.34961019,FL,"2642 E Colonial Dr, Orlando, FL, United States"
78,Marshalls,419.0,235265,28.55435066,-81.47929418,FL,"7323 W Colonial Dr, Orlando, FL, United States"
79,Marshalls,1386.0,233046,25.93840204,-80.2473497,FL,"17966 NW 27th Ave, Miami Gardens, FL, United States"
80,Marshalls,1163.0,223103,26.18834769,-80.20689326,FL,"4197 W Commercial Blvd, Tamarac, FL, United States"
81,Marshalls,,211309,30.14840093,-81.75340135,FL,"661 Blanding Blvd Ste 401, Orange Park, FL, United States"
82,Marshalls,211.0,201749,27.78893025,-82.73017403,FL,"2036 66th St N, Saint Petersburg, FL, United States"
83,Marshalls,1455.0,188704,26.11916123,-80.17708116,FL,"2660 W Broward Blvd, Fort Lauderdale, FL, United States"
84,Marshalls,356.0,175715,25.77398514,-80.32171357,FL,"marshall/homegoods, Miami, FL, United States"
85,Marshalls,1495.0,150855,28.65364973,-81.20987675,FL,"1121 Alafaya Trail, Oviedo, FL, United States"
86,Marshalls,1396.0,127309,27.07493951,-82.42337358,FL,"1679 US 41 Bypass South, Venice, FL, United States"
87,Marshalls,333.0,114594,27.89163011,-82.78264183,FL,"10500 Ulmerton Rd, Largo, FL, United States"
1,Marshalls,247,667805,35.90036903,-84.16504292,TN,"11455 Parkside Dr, Knoxville, TN, United States"
2,Marshalls,1281,603255,36.59428253,-82.26120263,TN,"454 Pinnacle Pkwy, Bristol, TN, United States"
3,Marshalls,856,561367,36.00560161,-84.02129132,TN,"Clinton Highway, Knoxville, Tennessee, United States"
4,Marshalls,1262,498539,36.06464859,-87.38214268,TN,"202 Thorton Dr, Dickson, TN, United States"
5,Marshalls,1476,482572,35.7947587,-83.55793115,TN,"3062 Teaster Ln, Pigeon Forge, TN, United States"
6,Marshalls,477,429958,35.66831885,-88.86081176,TN,"1081 Vann Dr, Ste 108, Jackson, TN, United States"
7,Marshalls,592,425903,35.06692717,-89.75868571,TN,"9125 Poplar Ave, Germantown, TN, United States"
8,Marshalls,394,404148,35.03060566,-85.1603834,TN,"2040 Hamilton Place Blvd, Ste 300, Chattanooga, TN, United States"
9,Marshalls,1462,380377,36.50635176,-87.27211958,TN,"2300 Madison St, Clarksville, TN, United States"
10,Marshalls,747,376821,35.1717264,-89.79537508,TN,"1697 N Germantown Pkwy, Cordova, TN, United States"
11,Marshalls,395,357338,36.18078371,-86.63873721,TN,"3135 Lebanon Pike, Ste 106, Nashville, TN, United States"
12,Marshalls,1487,346149,36.058481,-89.38297864,TN,"384 US-51, Dyersburg, TN, United States"
13,Marshalls,491,345718,35.85514928,-86.42752802,TN,"490 N Thompson Ln, Murfreesboro, TN, United States"
14,Marshalls,1138,340179,35.05252409,-89.80833985,TN,"Cordova, TN, United States"
15,Marshalls,815,319111,35.15531384,-85.2457901,TN,"5756 TN-153, Hixson, TN, United States"
16,Marshalls,594,294725,35.9487633,-86.8177021,TN,"2000 Mallory Ln # 500, Franklin, TN, United States"
17,Marshalls,150,274228,35.20774682,-89.89610965,TN,"3001 Covington Pike, Memphis, TN, United States"
18,Marshalls,1005,256613,36.13668573,-86.89025267,TN,"6806 Charlotte Pike, Nashville, TN, United States"
19,Marshalls,1456,247037,36.17549394,-82.79590644,TN,"1355 Tusculum Blvd, Greeneville, TN, United States"
20,Marshalls,1021,241529,36.03737298,-83.8873844,TN,"New Harvest Lane, Knoxville, Tennessee, United States"
21,Marshalls,1314,199711,36.32191681,-86.6014702,TN,"Hendersonville, Tennessee, United States"
